<?xml version="1.0" encoding="UTF-8"?>
<project-private xmlns="http://www.netbeans.org/ns/project-private/1">
    <editor-bookmarks xmlns="http://www.netbeans.org/ns/editor-bookmarks/2" lastBookmarkId="0"/>
    <open-files xmlns="http://www.netbeans.org/ns/projectui-open-files/2">
        <group>
            <file>file:/C:/Users/Admin/Documents/NetBeansProjects/jspdemomarch11/web/p2.jsp</file>
            <file>file:/C:/Users/Admin/Documents/NetBeansProjects/jspdemomarch11/web/p3.jsp</file>
            <file>file:/C:/Users/Admin/Documents/NetBeansProjects/jspdemomarch11/src/java/com/ram/bean/StudentBean.java</file>
            <file>file:/C:/Users/Admin/Documents/NetBeansProjects/jspdemomarch11/web/index.html</file>
            <file>file:/C:/Users/Admin/Documents/NetBeansProjects/jspdemomarch11/web/p1.jsp</file>
            <file>file:/C:/Users/Admin/Documents/NetBeansProjects/jspdemomarch11/web/p4.jsp</file>
            <file>file:/C:/Users/Admin/Documents/NetBeansProjects/jspdemomarch11/src/java/com/ram/bean/UsersBean.java</file>
            <file>file:/C:/Users/Admin/Documents/NetBeansProjects/jspdemomarch11/src/java/com/ram/dao/StudentDAO.java</file>
            <file>file:/C:/Users/Admin/Documents/NetBeansProjects/jspdemomarch11/web/p6.jsp</file>
            <file>file:/C:/Users/Admin/Documents/NetBeansProjects/jspdemomarch11/web/p5.jsp</file>
            <file>file:/C:/Users/Admin/Documents/NetBeansProjects/jspdemomarch11/src/java/com/ram/dao/UsersDAO.java</file>
            <file>file:/C:/Users/Admin/Documents/NetBeansProjects/jspdemomarch11/web/p7.jsp</file>
        </group>
    </open-files>
</project-private>
